{
  "start task" : {
    "transaction" : "start task",
    "sampleCount" : 100,
    "errorCount" : 0,
    "errorPct" : 0.0,
    "meanResTime" : 7190.969999999999,
    "medianResTime" : 7346.0,
    "minResTime" : 4444.0,
    "maxResTime" : 10449.0,
    "pct1ResTime" : 9123.600000000002,
    "pct2ResTime" : 9610.8,
    "pct3ResTime" : 10446.3,
    "throughput" : 4.1005453725345475,
    "receivedKBytesPerSec" : 1.1853138967482675,
    "sentKBytesPerSec" : 1.7018865071554516
  },
  "add time entry" : {
    "transaction" : "add time entry",
    "sampleCount" : 100,
    "errorCount" : 0,
    "errorPct" : 0.0,
    "meanResTime" : 28327.21,
    "medianResTime" : 28810.5,
    "minResTime" : 11407.0,
    "maxResTime" : 44534.0,
    "pct1ResTime" : 38721.8,
    "pct2ResTime" : 42288.29999999999,
    "pct3ResTime" : 44526.09,
    "throughput" : 1.2332280978689818,
    "receivedKBytesPerSec" : 0.49377296887332284,
    "sentKBytesPerSec" : 0.7286162101667325
  },
  "complete task" : {
    "transaction" : "complete task",
    "sampleCount" : 100,
    "errorCount" : 0,
    "errorPct" : 0.0,
    "meanResTime" : 8015.249999999997,
    "medianResTime" : 6735.0,
    "minResTime" : 1026.0,
    "maxResTime" : 20416.0,
    "pct1ResTime" : 14729.900000000001,
    "pct2ResTime" : 17062.099999999995,
    "pct3ResTime" : 20394.97999999999,
    "throughput" : 2.9856985041650494,
    "receivedKBytesPerSec" : 0.8572220314692621,
    "sentKBytesPerSec" : 1.2479286716627354
  },
  "add task to project" : {
    "transaction" : "add task to project",
    "sampleCount" : 100,
    "errorCount" : 0,
    "errorPct" : 0.0,
    "meanResTime" : 9959.96,
    "medianResTime" : 9938.5,
    "minResTime" : 5485.0,
    "maxResTime" : 13727.0,
    "pct1ResTime" : 11462.8,
    "pct2ResTime" : 12664.099999999997,
    "pct3ResTime" : 13723.489999999998,
    "throughput" : 4.007212983370066,
    "receivedKBytesPerSec" : 1.2796471148066522,
    "sentKBytesPerSec" : 2.046652724904829
  },
  "update task" : {
    "transaction" : "update task",
    "sampleCount" : 100,
    "errorCount" : 0,
    "errorPct" : 0.0,
    "meanResTime" : 11133.399999999996,
    "medianResTime" : 10842.0,
    "minResTime" : 6228.0,
    "maxResTime" : 20686.0,
    "pct1ResTime" : 13037.2,
    "pct2ResTime" : 16577.25,
    "pct3ResTime" : 20684.88,
    "throughput" : 1.2381447638857934,
    "receivedKBytesPerSec" : 0.3421825861129683,
    "sentKBytesPerSec" : 0.5477339629299457
  },
  "Total" : {
    "transaction" : "Total",
    "sampleCount" : 799,
    "errorCount" : 0,
    "errorPct" : 0.0,
    "meanResTime" : 15983.814768460583,
    "medianResTime" : 12358.0,
    "minResTime" : 1026.0,
    "maxResTime" : 45881.0,
    "pct1ResTime" : 32549.0,
    "pct2ResTime" : 36537.0,
    "pct3ResTime" : 40951.0,
    "throughput" : 5.811416269056209,
    "receivedKBytesPerSec" : 1.9067075967538984,
    "sentKBytesPerSec" : 2.6282407373734435
  },
  " login " : {
    "transaction" : " login ",
    "sampleCount" : 99,
    "errorCount" : 0,
    "errorPct" : 0.0,
    "meanResTime" : 14988.737373737371,
    "medianResTime" : 15174.0,
    "minResTime" : 2858.0,
    "maxResTime" : 27745.0,
    "pct1ResTime" : 19939.0,
    "pct2ResTime" : 23410.0,
    "pct3ResTime" : 27745.0,
    "throughput" : 3.497121056907697,
    "receivedKBytesPerSec" : 1.5675571925006182,
    "sentKBytesPerSec" : 0.9425834098696527
  },
  "create project- returns projectID" : {
    "transaction" : "create project- returns projectID",
    "sampleCount" : 100,
    "errorCount" : 0,
    "errorPct" : 0.0,
    "meanResTime" : 17909.54,
    "medianResTime" : 17837.0,
    "minResTime" : 5959.0,
    "maxResTime" : 33280.0,
    "pct1ResTime" : 24902.600000000002,
    "pct2ResTime" : 26205.899999999998,
    "pct3ResTime" : 33261.02999999999,
    "throughput" : 2.582711330354606,
    "receivedKBytesPerSec" : 0.834841260104858,
    "sentKBytesPerSec" : 1.291355665177303
  },
  "update time entry desription" : {
    "transaction" : "update time entry desription",
    "sampleCount" : 100,
    "errorCount" : 0,
    "errorPct" : 0.0,
    "meanResTime" : 30335.49999999999,
    "medianResTime" : 30959.0,
    "minResTime" : 2938.0,
    "maxResTime" : 45881.0,
    "pct1ResTime" : 37786.0,
    "pct2ResTime" : 38737.5,
    "pct3ResTime" : 45826.81999999997,
    "throughput" : 1.4528337522337318,
    "receivedKBytesPerSec" : 0.4100282757769028,
    "sentKBytesPerSec" : 0.6824346043207276
  }
}