{
  "start task" : {
    "transaction" : "start task",
    "sampleCount" : 100,
    "errorCount" : 0,
    "errorPct" : 0.0,
    "meanResTime" : 5486.850000000002,
    "medianResTime" : 5267.0,
    "minResTime" : 2272.0,
    "maxResTime" : 12083.0,
    "pct1ResTime" : 7081.800000000002,
    "pct2ResTime" : 10558.349999999999,
    "pct3ResTime" : 12080.249999999998,
    "throughput" : 5.789717461787864,
    "receivedKBytesPerSec" : 1.6735902037980548,
    "sentKBytesPerSec" : 2.4029589074803153
  },
  "add time entry" : {
    "transaction" : "add time entry",
    "sampleCount" : 100,
    "errorCount" : 0,
    "errorPct" : 0.0,
    "meanResTime" : 19977.399999999998,
    "medianResTime" : 20540.5,
    "minResTime" : 13513.0,
    "maxResTime" : 26830.0,
    "pct1ResTime" : 23190.4,
    "pct2ResTime" : 24266.549999999996,
    "pct3ResTime" : 26811.27999999999,
    "throughput" : 2.334648518665515,
    "receivedKBytesPerSec" : 0.9347713795438097,
    "sentKBytesPerSec" : 1.3793577673756217
  },
  "complete task" : {
    "transaction" : "complete task",
    "sampleCount" : 100,
    "errorCount" : 0,
    "errorPct" : 0.0,
    "meanResTime" : 14589.05,
    "medianResTime" : 16218.5,
    "minResTime" : 1080.0,
    "maxResTime" : 21687.0,
    "pct1ResTime" : 19279.600000000002,
    "pct2ResTime" : 20286.1,
    "pct3ResTime" : 21678.609999999997,
    "throughput" : 2.4434344915212822,
    "receivedKBytesPerSec" : 0.7015329497141182,
    "sentKBytesPerSec" : 1.0212792601280358
  },
  "add task to project" : {
    "transaction" : "add task to project",
    "sampleCount" : 100,
    "errorCount" : 0,
    "errorPct" : 0.0,
    "meanResTime" : 5695.09,
    "medianResTime" : 5823.0,
    "minResTime" : 3979.0,
    "maxResTime" : 11649.0,
    "pct1ResTime" : 6609.400000000001,
    "pct2ResTime" : 6747.65,
    "pct3ResTime" : 11603.169999999976,
    "throughput" : 5.431240495329133,
    "receivedKBytesPerSec" : 1.7343902753638931,
    "sentKBytesPerSec" : 2.773963651422985
  },
  "update task" : {
    "transaction" : "update task",
    "sampleCount" : 100,
    "errorCount" : 0,
    "errorPct" : 0.0,
    "meanResTime" : 13185.459999999997,
    "medianResTime" : 12847.0,
    "minResTime" : 8712.0,
    "maxResTime" : 19417.0,
    "pct1ResTime" : 15557.4,
    "pct2ResTime" : 16483.25,
    "pct3ResTime" : 19399.68999999999,
    "throughput" : 3.1856264534420693,
    "receivedKBytesPerSec" : 0.8804026233633845,
    "sentKBytesPerSec" : 1.409266390048103
  },
  "Total" : {
    "transaction" : "Total",
    "sampleCount" : 799,
    "errorCount" : 0,
    "errorPct" : 0.0,
    "meanResTime" : 13931.839799749685,
    "medianResTime" : 14167.0,
    "minResTime" : 1080.0,
    "maxResTime" : 34791.0,
    "pct1ResTime" : 22651.0,
    "pct2ResTime" : 25858.0,
    "pct3ResTime" : 29886.0,
    "throughput" : 6.829176567120806,
    "receivedKBytesPerSec" : 2.240631583980068,
    "sentKBytesPerSec" : 3.088527688507496
  },
  " login " : {
    "transaction" : " login ",
    "sampleCount" : 99,
    "errorCount" : 0,
    "errorPct" : 0.0,
    "meanResTime" : 9750.41414141414,
    "medianResTime" : 10236.0,
    "minResTime" : 1173.0,
    "maxResTime" : 16469.0,
    "pct1ResTime" : 15570.0,
    "pct2ResTime" : 16125.0,
    "pct3ResTime" : 16469.0,
    "throughput" : 5.7504646840148705,
    "receivedKBytesPerSec" : 2.5776008691043213,
    "sentKBytesPerSec" : 1.5499299343633828
  },
  "create project- returns projectID" : {
    "transaction" : "create project- returns projectID",
    "sampleCount" : 100,
    "errorCount" : 0,
    "errorPct" : 0.0,
    "meanResTime" : 19970.420000000006,
    "medianResTime" : 19620.0,
    "minResTime" : 13301.0,
    "maxResTime" : 28041.0,
    "pct1ResTime" : 26620.5,
    "pct2ResTime" : 26892.45,
    "pct3ResTime" : 28040.52,
    "throughput" : 3.2158476974530483,
    "receivedKBytesPerSec" : 1.0394976443915616,
    "sentKBytesPerSec" : 1.6079238487265244
  },
  "update time entry desription" : {
    "transaction" : "update time entry desription",
    "sampleCount" : 100,
    "errorCount" : 0,
    "errorPct" : 0.0,
    "meanResTime" : 22758.22,
    "medianResTime" : 22157.0,
    "minResTime" : 14952.0,
    "maxResTime" : 34791.0,
    "pct1ResTime" : 29638.0,
    "pct2ResTime" : 30695.8,
    "pct3ResTime" : 34789.78,
    "throughput" : 1.8244512962726458,
    "receivedKBytesPerSec" : 0.514908617795698,
    "sentKBytesPerSec" : 0.8569932358468191
  }
}