{
  "add time entry" : {
    "transaction" : "add time entry",
    "sampleCount" : 50,
    "errorCount" : 0,
    "errorPct" : 0.0,
    "meanResTime" : 6799.24,
    "medianResTime" : 7757.0,
    "minResTime" : 2177.0,
    "maxResTime" : 9958.0,
    "pct1ResTime" : 9137.4,
    "pct2ResTime" : 9603.449999999999,
    "pct3ResTime" : 9958.0,
    "throughput" : 2.620270411906509,
    "receivedKBytesPerSec" : 1.0491317078922544,
    "sentKBytesPerSec" : 1.5481089835971071
  },
  "Total" : {
    "transaction" : "Total",
    "sampleCount" : 149,
    "errorCount" : 0,
    "errorPct" : 0.0,
    "meanResTime" : 4869.610738255034,
    "medianResTime" : 4756.0,
    "minResTime" : 523.0,
    "maxResTime" : 10089.0,
    "pct1ResTime" : 8875.0,
    "pct2ResTime" : 9276.0,
    "pct3ResTime" : 10023.5,
    "throughput" : 6.436841195783653,
    "receivedKBytesPerSec" : 2.4233076966692586,
    "sentKBytesPerSec" : 2.8613433125972008
  },
  " login " : {
    "transaction" : " login ",
    "sampleCount" : 49,
    "errorCount" : 0,
    "errorPct" : 0.0,
    "meanResTime" : 1627.6326530612246,
    "medianResTime" : 1705.0,
    "minResTime" : 523.0,
    "maxResTime" : 2943.0,
    "pct1ResTime" : 2797.0,
    "pct2ResTime" : 2910.5,
    "pct3ResTime" : 2943.0,
    "throughput" : 3.9360591212145555,
    "receivedKBytesPerSec" : 1.76430775062254,
    "sentKBytesPerSec" : 1.0608909350148605
  },
  "update time entry desription" : {
    "transaction" : "update time entry desription",
    "sampleCount" : 50,
    "errorCount" : 0,
    "errorPct" : 0.0,
    "meanResTime" : 6117.120000000001,
    "medianResTime" : 6185.0,
    "minResTime" : 2927.0,
    "maxResTime" : 10089.0,
    "pct1ResTime" : 9096.4,
    "pct2ResTime" : 9505.05,
    "pct3ResTime" : 10089.0,
    "throughput" : 2.5214321734745333,
    "receivedKBytesPerSec" : 0.7116151348966213,
    "sentKBytesPerSec" : 1.1843836674230965
  }
}