{
  "start task" : {
    "transaction" : "start task",
    "sampleCount" : 50,
    "errorCount" : 0,
    "errorPct" : 0.0,
    "meanResTime" : 6929.360000000001,
    "medianResTime" : 6831.5,
    "minResTime" : 4144.0,
    "maxResTime" : 9472.0,
    "pct1ResTime" : 8420.0,
    "pct2ResTime" : 8952.099999999997,
    "pct3ResTime" : 9472.0,
    "throughput" : 4.473472309206406,
    "receivedKBytesPerSec" : 1.2931130893799767,
    "sentKBytesPerSec" : 1.8566657533327369
  },
  "add time entry" : {
    "transaction" : "add time entry",
    "sampleCount" : 50,
    "errorCount" : 0,
    "errorPct" : 0.0,
    "meanResTime" : 14837.919999999998,
    "medianResTime" : 14689.5,
    "minResTime" : 9512.0,
    "maxResTime" : 19916.0,
    "pct1ResTime" : 16847.0,
    "pct2ResTime" : 18615.749999999996,
    "pct3ResTime" : 19916.0,
    "throughput" : 1.7142661226728837,
    "receivedKBytesPerSec" : 0.6863760842733225,
    "sentKBytesPerSec" : 1.0128232463057565
  },
  "complete task" : {
    "transaction" : "complete task",
    "sampleCount" : 50,
    "errorCount" : 0,
    "errorPct" : 0.0,
    "meanResTime" : 3165.820000000001,
    "medianResTime" : 3040.0,
    "minResTime" : 1185.0,
    "maxResTime" : 7442.0,
    "pct1ResTime" : 4051.6,
    "pct2ResTime" : 5200.349999999996,
    "pct3ResTime" : 7442.0,
    "throughput" : 2.273450643386532,
    "receivedKBytesPerSec" : 0.6527289933160552,
    "sentKBytesPerSec" : 0.9502313236029647
  },
  "add task to project" : {
    "transaction" : "add task to project",
    "sampleCount" : 50,
    "errorCount" : 0,
    "errorPct" : 0.0,
    "meanResTime" : 4406.780000000001,
    "medianResTime" : 4095.5,
    "minResTime" : 3459.0,
    "maxResTime" : 6434.0,
    "pct1ResTime" : 5645.8,
    "pct2ResTime" : 5975.449999999998,
    "pct3ResTime" : 6434.0,
    "throughput" : 5.781015146259683,
    "receivedKBytesPerSec" : 1.8460858914325358,
    "sentKBytesPerSec" : 2.9526083217713035
  },
  "update task" : {
    "transaction" : "update task",
    "sampleCount" : 50,
    "errorCount" : 0,
    "errorPct" : 0.0,
    "meanResTime" : 6087.84,
    "medianResTime" : 5503.0,
    "minResTime" : 3907.0,
    "maxResTime" : 13023.0,
    "pct1ResTime" : 7927.099999999999,
    "pct2ResTime" : 10253.8,
    "pct3ResTime" : 13023.0,
    "throughput" : 2.7736173517501523,
    "receivedKBytesPerSec" : 0.7665368267043878,
    "sentKBytesPerSec" : 1.2270006448660342
  },
  "Total" : {
    "transaction" : "Total",
    "sampleCount" : 399,
    "errorCount" : 0,
    "errorPct" : 0.0,
    "meanResTime" : 7440.884711779448,
    "medianResTime" : 6218.0,
    "minResTime" : 1185.0,
    "maxResTime" : 19916.0,
    "pct1ResTime" : 14098.0,
    "pct2ResTime" : 15286.0,
    "pct3ResTime" : 17101.0,
    "throughput" : 5.60023579940208,
    "receivedKBytesPerSec" : 1.8365767813030724,
    "sentKBytesPerSec" : 2.534015686625402
  },
  " login " : {
    "transaction" : " login ",
    "sampleCount" : 49,
    "errorCount" : 0,
    "errorPct" : 0.0,
    "meanResTime" : 4272.102040816326,
    "medianResTime" : 3915.0,
    "minResTime" : 1385.0,
    "maxResTime" : 7220.0,
    "pct1ResTime" : 6705.0,
    "pct2ResTime" : 7215.5,
    "pct3ResTime" : 7220.0,
    "throughput" : 6.159648020113136,
    "receivedKBytesPerSec" : 2.7610141027655564,
    "sentKBytesPerSec" : 1.6602176304211187
  },
  "create project- returns projectID" : {
    "transaction" : "create project- returns projectID",
    "sampleCount" : 50,
    "errorCount" : 0,
    "errorPct" : 0.0,
    "meanResTime" : 8066.92,
    "medianResTime" : 7982.0,
    "minResTime" : 5396.0,
    "maxResTime" : 10801.0,
    "pct1ResTime" : 10505.0,
    "pct2ResTime" : 10656.599999999999,
    "pct3ResTime" : 10801.0,
    "throughput" : 3.692762186115214,
    "receivedKBytesPerSec" : 1.193656526957164,
    "sentKBytesPerSec" : 1.8463810930576072
  },
  "update time entry desription" : {
    "transaction" : "update time entry desription",
    "sampleCount" : 50,
    "errorCount" : 0,
    "errorPct" : 0.0,
    "meanResTime" : 11696.960000000001,
    "medianResTime" : 11912.5,
    "minResTime" : 2556.0,
    "maxResTime" : 14764.0,
    "pct1ResTime" : 14300.199999999999,
    "pct2ResTime" : 14708.85,
    "pct3ResTime" : 14764.0,
    "throughput" : 1.48822811560556,
    "receivedKBytesPerSec" : 0.4200175052832098,
    "sentKBytesPerSec" : 0.6990602769592523
  }
}