{
  "start task" : {
    "transaction" : "start task",
    "sampleCount" : 100,
    "errorCount" : 0,
    "errorPct" : 0.0,
    "meanResTime" : 9091.859999999999,
    "medianResTime" : 9426.0,
    "minResTime" : 5739.0,
    "maxResTime" : 14390.0,
    "pct1ResTime" : 10925.7,
    "pct2ResTime" : 11099.65,
    "pct3ResTime" : 14388.359999999999,
    "throughput" : 3.006704952043056,
    "receivedKBytesPerSec" : 0.8691256501999459,
    "sentKBytesPerSec" : 1.2479000045100574
  },
  "add time entry" : {
    "transaction" : "add time entry",
    "sampleCount" : 100,
    "errorCount" : 0,
    "errorPct" : 0.0,
    "meanResTime" : 45411.68999999999,
    "medianResTime" : 38079.0,
    "minResTime" : 15282.0,
    "maxResTime" : 73242.0,
    "pct1ResTime" : 65140.5,
    "pct2ResTime" : 70915.09999999999,
    "pct3ResTime" : 73239.44,
    "throughput" : 1.0923708817617759,
    "receivedKBytesPerSec" : 0.4373750600803985,
    "sentKBytesPerSec" : 0.645394905728393
  },
  "complete task" : {
    "transaction" : "complete task",
    "sampleCount" : 100,
    "errorCount" : 0,
    "errorPct" : 0.0,
    "meanResTime" : 9703.52,
    "medianResTime" : 7318.5,
    "minResTime" : 1019.0,
    "maxResTime" : 25281.0,
    "pct1ResTime" : 19117.800000000007,
    "pct2ResTime" : 21920.049999999977,
    "pct3ResTime" : 25271.359999999993,
    "throughput" : 2.1009286104458167,
    "receivedKBytesPerSec" : 0.603196300264717,
    "sentKBytesPerSec" : 0.8781225051472751
  },
  "add task to project" : {
    "transaction" : "add task to project",
    "sampleCount" : 100,
    "errorCount" : 0,
    "errorPct" : 0.0,
    "meanResTime" : 16102.980000000001,
    "medianResTime" : 16483.0,
    "minResTime" : 7276.0,
    "maxResTime" : 19878.0,
    "pct1ResTime" : 17563.9,
    "pct2ResTime" : 18927.55,
    "pct3ResTime" : 19876.19,
    "throughput" : 3.214917215881691,
    "receivedKBytesPerSec" : 1.0266386031184698,
    "sentKBytesPerSec" : 1.6419938514708246
  },
  "update task" : {
    "transaction" : "update task",
    "sampleCount" : 100,
    "errorCount" : 0,
    "errorPct" : 0.0,
    "meanResTime" : 13275.800000000001,
    "medianResTime" : 13069.5,
    "minResTime" : 9585.0,
    "maxResTime" : 22552.0,
    "pct1ResTime" : 14958.0,
    "pct2ResTime" : 15524.55,
    "pct3ResTime" : 22495.49999999997,
    "throughput" : 1.5299409442795509,
    "receivedKBytesPerSec" : 0.4228254758116337,
    "sentKBytesPerSec" : 0.6768195778892935
  },
  "Total" : {
    "transaction" : "Total",
    "sampleCount" : 799,
    "errorCount" : 0,
    "errorPct" : 0.0,
    "meanResTime" : 18929.24530663329,
    "medianResTime" : 14937.0,
    "minResTime" : 1019.0,
    "maxResTime" : 73242.0,
    "pct1ResTime" : 37871.0,
    "pct2ResTime" : 57893.0,
    "pct3ResTime" : 65366.0,
    "throughput" : 4.887657288971267,
    "receivedKBytesPerSec" : 1.603625149489518,
    "sentKBytesPerSec" : 2.210466330831391
  },
  " login " : {
    "transaction" : " login ",
    "sampleCount" : 99,
    "errorCount" : 0,
    "errorPct" : 0.0,
    "meanResTime" : 12410.10101010101,
    "medianResTime" : 11247.0,
    "minResTime" : 1261.0,
    "maxResTime" : 21350.0,
    "pct1ResTime" : 18718.0,
    "pct2ResTime" : 19330.0,
    "pct3ResTime" : 21350.0,
    "throughput" : 4.489592308738833,
    "receivedKBytesPerSec" : 2.01242467745227,
    "sentKBytesPerSec" : 1.2100854269647636
  },
  "create project- returns projectID" : {
    "transaction" : "create project- returns projectID",
    "sampleCount" : 100,
    "errorCount" : 0,
    "errorPct" : 0.0,
    "meanResTime" : 14828.019999999997,
    "medianResTime" : 15244.0,
    "minResTime" : 7086.0,
    "maxResTime" : 25723.0,
    "pct1ResTime" : 20018.4,
    "pct2ResTime" : 22088.899999999998,
    "pct3ResTime" : 25718.749999999996,
    "throughput" : 2.6175269605276936,
    "receivedKBytesPerSec" : 0.8460951405611977,
    "sentKBytesPerSec" : 1.3087634802638466
  },
  "update time entry desription" : {
    "transaction" : "update time entry desription",
    "sampleCount" : 100,
    "errorCount" : 0,
    "errorPct" : 0.0,
    "meanResTime" : 30544.8,
    "medianResTime" : 27719.0,
    "minResTime" : 5463.0,
    "maxResTime" : 64627.0,
    "pct1ResTime" : 52374.80000000001,
    "pct2ResTime" : 56126.64999999999,
    "pct3ResTime" : 64625.659999999996,
    "throughput" : 1.1493856533682745,
    "receivedKBytesPerSec" : 0.3243871619369447,
    "sentKBytesPerSec" : 0.5398969719434962
  }
}