{
  "start task" : {
    "transaction" : "start task",
    "sampleCount" : 150,
    "errorCount" : 0,
    "errorPct" : 0.0,
    "meanResTime" : 21603.953333333327,
    "medianResTime" : 22238.0,
    "minResTime" : 4897.0,
    "maxResTime" : 56118.0,
    "pct1ResTime" : 36906.3,
    "pct2ResTime" : 42075.69999999999,
    "pct3ResTime" : 54318.72000000003,
    "throughput" : 1.2115533729645904,
    "receivedKBytesPerSec" : 0.35021464687257686,
    "sentKBytesPerSec" : 0.5028419760839364
  },
  "add time entry" : {
    "transaction" : "add time entry",
    "sampleCount" : 150,
    "errorCount" : 0,
    "errorPct" : 0.0,
    "meanResTime" : 52015.179999999986,
    "medianResTime" : 53540.0,
    "minResTime" : 4425.0,
    "maxResTime" : 90671.0,
    "pct1ResTime" : 74419.2,
    "pct2ResTime" : 79936.55,
    "pct3ResTime" : 88839.08000000003,
    "throughput" : 0.7846419417272584,
    "receivedKBytesPerSec" : 0.3141632774493906,
    "sentKBytesPerSec" : 0.46358239721190564
  },
  "complete task" : {
    "transaction" : "complete task",
    "sampleCount" : 150,
    "errorCount" : 0,
    "errorPct" : 0.0,
    "meanResTime" : 16865.00666666667,
    "medianResTime" : 14571.0,
    "minResTime" : 897.0,
    "maxResTime" : 53336.0,
    "pct1ResTime" : 35142.20000000001,
    "pct2ResTime" : 37320.9,
    "pct3ResTime" : 49931.24000000006,
    "throughput" : 0.831660771115867,
    "receivedKBytesPerSec" : 0.23877760420709462,
    "sentKBytesPerSec" : 0.347608212927335
  },
  "add task to project" : {
    "transaction" : "add task to project",
    "sampleCount" : 150,
    "errorCount" : 0,
    "errorPct" : 0.0,
    "meanResTime" : 43463.17999999999,
    "medianResTime" : 36736.0,
    "minResTime" : 12549.0,
    "maxResTime" : 74500.0,
    "pct1ResTime" : 66567.6,
    "pct2ResTime" : 70761.45,
    "pct3ResTime" : 74260.3,
    "throughput" : 1.3789426267937746,
    "receivedKBytesPerSec" : 0.44034593648590264,
    "sentKBytesPerSec" : 0.7042841736456485
  },
  "update task" : {
    "transaction" : "update task",
    "sampleCount" : 150,
    "errorCount" : 0,
    "errorPct" : 0.0,
    "meanResTime" : 33978.64,
    "medianResTime" : 35994.0,
    "minResTime" : 3417.0,
    "maxResTime" : 66103.0,
    "pct1ResTime" : 50262.1,
    "pct2ResTime" : 53568.049999999996,
    "pct3ResTime" : 64777.510000000024,
    "throughput" : 0.9617234083477592,
    "receivedKBytesPerSec" : 0.26578879351798423,
    "sentKBytesPerSec" : 0.4254499062319677
  },
  "Total" : {
    "transaction" : "Total",
    "sampleCount" : 1199,
    "errorCount" : 0,
    "errorPct" : 0.0,
    "meanResTime" : 34159.55796497082,
    "medianResTime" : 33386.0,
    "minResTime" : 897.0,
    "maxResTime" : 92125.0,
    "pct1ResTime" : 60320.0,
    "pct2ResTime" : 65271.0,
    "pct3ResTime" : 79810.0,
    "throughput" : 3.998772686948459,
    "receivedKBytesPerSec" : 1.3121852248434176,
    "sentKBytesPerSec" : 1.8081593284963415
  },
  " login " : {
    "transaction" : " login ",
    "sampleCount" : 149,
    "errorCount" : 0,
    "errorPct" : 0.0,
    "meanResTime" : 19138.31543624161,
    "medianResTime" : 13341.0,
    "minResTime" : 1360.0,
    "maxResTime" : 42348.0,
    "pct1ResTime" : 33231.0,
    "pct2ResTime" : 39751.5,
    "pct3ResTime" : 42246.0,
    "throughput" : 3.457477665622462,
    "receivedKBytesPerSec" : 1.549787352071006,
    "sentKBytesPerSec" : 0.9318982770623042
  },
  "create project- returns projectID" : {
    "transaction" : "create project- returns projectID",
    "sampleCount" : 150,
    "errorCount" : 0,
    "errorPct" : 0.0,
    "meanResTime" : 39327.346666666665,
    "medianResTime" : 41375.0,
    "minResTime" : 7900.0,
    "maxResTime" : 80784.0,
    "pct1ResTime" : 53332.700000000004,
    "pct2ResTime" : 56873.799999999996,
    "pct3ResTime" : 80487.18000000001,
    "throughput" : 1.3719052104959895,
    "receivedKBytesPerSec" : 0.44345764128337156,
    "sentKBytesPerSec" : 0.6859526052479947
  },
  "update time entry desription" : {
    "transaction" : "update time entry desription",
    "sampleCount" : 150,
    "errorCount" : 0,
    "errorPct" : 0.0,
    "meanResTime" : 46784.70000000001,
    "medianResTime" : 46687.0,
    "minResTime" : 12780.0,
    "maxResTime" : 92125.0,
    "pct1ResTime" : 62901.0,
    "pct2ResTime" : 68451.34999999998,
    "pct3ResTime" : 85844.35000000011,
    "throughput" : 0.7687852680241706,
    "receivedKBytesPerSec" : 0.21697162349510285,
    "sentKBytesPerSec" : 0.3611188612496348
  }
}